Date,2014-10-28,2014-10-29,2014-10-30,2014-10-31,2014-11-1,2014-11-2,2014-11-3,2014-11-4,2014-11-5,2014-11-6,2014-11-7,2014-11-8,2014-11-9,2014-11-10,2014-11-11,2014-11-12,2014-11-13,2014-11-14,2014-11-15,2014-11-16,2014-11-17,2014-11-18,2014-11-19,2014-11-20,2014-11-21,2014-11-22,2014-11-23,2014-11-24,2014-11-25,2014-11-26,2014-11-27,2014-11-28,2014-11-29,2014-11-30,2014-12-1,2014-12-2,2014-12-3,2014-12-4,2014-12-5,2014-12-6,2014-12-7,2014-12-8,2014-12-9,2014-12-10,2014-12-11,2014-12-12,2014-12-13,2014-12-14,2014-12-15,2014-12-16,2014-12-17,2014-12-18,2014-12-19,2014-12-20,2014-12-21,2014-12-22,2014-12-23,2014-12-24,2014-12-25,2014-12-26,2014-12-27,2014-12-28,2014-12-29,2014-12-30,2014-12-31,2015-1-1,2015-1-2,2015-1-3,2015-1-4,2015-1-5,2015-1-6,2015-1-7,2015-1-8,2015-1-9,2015-1-10,2015-1-11,2015-1-12,2015-1-13,2015-1-14,2015-1-15,2015-1-16,2015-1-17,2015-1-18,2015-1-19,2015-1-20,2015-1-21,2015-1-22,2015-1-23,2015-1-24,2015-1-25,2015-1-26,2015-1-27,2015-1-28,2015-1-29,2015-1-30,2015-1-31,2015-2-1,2015-2-2,2015-2-3,2015-2-4,2015-2-5,2015-2-6,2015-2-7,2015-2-8,2015-2-9,2015-2-10,2015-2-11,2015-2-12,2015-2-13,2015-2-14,2015-2-15,2015-2-16,2015-2-17,2015-2-18,2015-2-19,2015-2-20,2015-2-21,2015-2-22,2015-2-23,2015-2-24,2015-2-25,2015-2-26,2015-2-27,2015-2-28,2015-3-1,2015-3-2,2015-3-3,2015-3-4,2015-3-5,2015-3-6,2015-3-7,2015-3-8,2015-3-9,2015-3-10,2015-3-11,2015-3-12,2015-3-13,2015-3-14,2015-3-15,2015-3-16,2015-3-17,2015-3-18,2015-3-19,2015-3-20,2015-3-21,2015-3-22,2015-3-23,2015-3-24,2015-3-25,2015-3-26,2015-3-27,2015-3-28,2015-3-29,2015-3-30,2015-3-31,2015-4-1,2015-4-2,2015-4-3,2015-4-4,2015-4-5,2015-4-6,2015-4-7,2015-4-8,2015-4-9,2015-4-10,2015-4-11,2015-4-12,2015-4-13,2015-4-14,2015-4-15,Date,
ATL,, @ TOR,,,  IND,,,, @ SAS,, @ CHO,  NYK,, @ NYK,,  UTA,,  MIA, @ CLE,,,  LAL,,,  DET,,,, @ WAS,  TOR,,  NOP,  CHO,,,  BOS, @ MIA,, @ BRK,,  DEN, @ IND,,  PHI,,  ORL, @ ORL,,  CHI,, @ CLE,,, @ HOU,, @ DAL,  LAC,,,  MIL, @ MIL,,,  CLE,,, @ UTA, @ POR,, @ LAC,,  MEM,, @ DET,,  WAS,, @ PHI, @ BOS,, @ TOR, @ CHI,,  DET,,  IND,,  OKC,,  MIN,,,  BRK,,  POR,  PHI,, @ NOP,,  WAS,,  GSW,, @ MEM, @ MIN,, @ BOS,,,,,,,,,  TOR,, @ MIL,,,  DAL,,  ORL, @ MIA,,,  HOU,,,  CLE, @ PHI,,  SAC,, @ DEN,, @ PHO,, @ LAL, @ SAC,, @ GSW,, @ OKC,,  SAS,,, @ ORL,,  MIA, @ CHO,,  MIL, @ DET,,,,  BRK,,,  PHO, @ BRK,,  CHO,, @ WAS,  NYK,, @ CHI,ATL,
BOS,,  BRK,,, @ HOU,, @ DAL,,  TOR,,  IND, @ CHI,,,,  OKC,,  CLE,,,  PHO,, @ PHI,, @ MEM,,  POR,,,,,  CHI,,  SAS,, @ ATL,  DET,,  LAL,,  WAS, @ WAS,, @ CHO,,  NYK,,, @ PHI,,  ORL,,  MIN,, @ MIA,, @ ORL,,,  BRK, @ WAS,,,,  SAC,,  DAL, @ CHI,,  CHO,, @ BRK,, @ IND, @ TOR,,  NOP,,  ATL,,  CHI,,, @ LAC,,, @ POR, @ DEN,, @ GSW, @ UTA,, @ MIN,,  HOU,,  MIA,, @ NYK,  DEN,,  PHI, @ MIL,,,,  ATL,,,,,,,,, @ SAC,, @ LAL, @ PHO,,  NYK,,  CHO,,  GSW,, @ CLE,  UTA,, @ NOP,, @ ORL, @ MIA,,  MEM,,  ORL, @ IND,,  PHI,, @ OKC,, @ SAS,,  DET, @ BRK,,  MIA,, @ NYK,,  LAC, @ CHO,,  IND,,  MIL, @ TOR,,,, @ DET,, @ CLE,,  CLE,,  TOR, @ MIL,BOS,
BRK,, @ BOS,,, @ DET,,  OKC,,  MIN,,  NYK,,  ORL,,, @ PHO, @ GSW,, @ POR,,  MIA,,  MIL,, @ OKC, @ SAS,,,, @ PHI,,,,  CHI,, @ NYK,  SAS,,  ATL,,,  CLE,, @ CHI,,  PHI, @ CHO,,,  MIA, @ TOR,, @ CLE,,  DET,,  DEN,,, @ BOS,  IND,,  SAC, @ CHI,,, @ ORL,, @ MIA,  DAL,,  BOS,,  PHI, @ DET,,  HOU,,  MEM,, @ WAS,  WAS,,,, @ SAC, @ LAC,, @ UTA,,  POR,, @ ATL,,  TOR,,,  LAC,, @ TOR,,  NYK, @ WAS,, @ MIL, @ MEM,,,,,,,,,, @ LAL,,, @ DEN,, @ NOP,, @ HOU, @ DAL,,  GSW,,  CHO,,  PHO,,  UTA,,  NOP, @ MIA,,, @ PHI,, @ MIN,, @ CLE,,  MIL, @ IND,,  BOS,, @ CHO,,  CLE,,  LAL,,  IND, @ NYK,,  TOR, @ ATL,,,,  ATL,,  WAS,, @ MIL,  CHI,,  ORL,BRK,
CHI,, @ NYK,,  CLE, @ MIN,,,  ORL, @ MIL,, @ PHI,  BOS,,  DET,,, @ TOR,,  IND,, @ LAC,,, @ SAC, @ POR,,, @ UTA, @ DEN,,, @ BOS,, @ BRK,,  DAL, @ CHO,,,  GSW,,,,  BRK,,  POR,, @ MIA, @ ATL,,,  NYK, @ MEM,,,  TOR, @ WAS,,  LAL,,  NOP,, @ IND,  BRK,,  DEN,,  BOS,,  HOU,,  UTA,, @ WAS,  MIL,,  ORL,,  WAS,, @ BOS,  ATL,, @ CLE,,,  SAS, @ DAL,,  MIA,, @ GSW,, @ LAL, @ PHO,,,,, @ HOU,,, @ NOP, @ ORL,,  SAC,,  CLE,,,,,,,, @ DET,  PHO,,  MIL,,  CHO,,  MIN,,  LAC,,  WAS,,  OKC, @ IND,, @ SAS,  MEM,, @ PHI,, @ CHO,, @ OKC,,,  IND,,  TOR, @ DET,,  CHO,, @ TOR,,,  NYK,,,, @ MIL,,  DET,, @ CLE,,, @ ORL, @ MIA,,  PHI,, @ BRK,,  ATL,CHI,
CHO,,  MIL,,,  MEM, @ NYK,, @ NOP,  MIA,,  ATL,, @ LAL,, @ POR,,, @ PHO, @ GSW,,  DAL,, @ IND,,  ORL,, @ MIA,  LAC,,  POR,,  GSW, @ ATL,,,,  CHI,,  NYK,,,,,  BOS,, @ MEM,  BRK,, @ CLE,,  PHO,, @ PHI,  UTA,,  DEN, @ MIL,,, @ OKC,  ORL,,  MIL,, @ HOU,,  CLE, @ ORL,, @ BOS,,  NOP, @ TOR,, @ NYK,,,,  SAS,,,  IND,,  MIN,,  MIA,, @ CLE,  NYK,,,, @ SAS,,, @ DEN,, @ WAS,,,  WAS,, @ PHI,  IND,,  DET,,,,,,,,,,,  OKC, @ DAL,,, @ CHI,, @ BOS,, @ ORL,,  LAL, @ BRK,,  TOR,, @ DET,  WAS,,  SAC,,  CHI,,, @ UTA, @ LAC,,, @ SAC,, @ MIN, @ CHI,,  BRK,, @ WAS,  ATL,,  BOS,,  DET,, @ IND,  PHI,,, @ MIA,  TOR,, @ ATL,, @ DET,  HOU,, @ TOR,CHO,
CLE,,,  NYK, @ CHI,,,, @ POR, @ UTA,, @ DEN,,,  NOP,,,, @ BOS,  ATL,,  DEN,,  SAS,, @ WAS,  TOR,,  ORL,,  WAS,,,  IND,,,  MIL,, @ NYK, @ TOR,,, @ BRK,  TOR,, @ OKC, @ NOP,,,  CHO,,  ATL,,  BRK,,  MEM,,  MIN,, @ MIA, @ ORL,,  DET,, @ ATL,  MIL,, @ CHO,,  DAL, @ PHI,,  HOU,, @ GSW,, @ SAC,, @ PHO,, @ LAL, @ LAC,,,  CHI,,  UTA,,  CHO,,  OKC,, @ DET,  POR,,  SAC, @ MIN,,  PHI,,,  LAC, @ IND,,  LAL,,,  MIA, @ CHI,,,,,,,, @ WAS,, @ NYK,, @ DET,,  GSW, @ IND,, @ HOU,,  BOS, @ TOR,, @ ATL,  PHO,,, @ DAL,, @ SAS,,, @ ORL, @ MIA,,  BRK,,  IND,, @ MIL,,, @ MEM,, @ BRK,,  PHI,,,,  MIA,,,  CHI,,, @ MIL,,  BOS,, @ BOS,  DET,,  WAS,CLE,
DAL, @ SAS,,  UTA,, @ NOP,,  BOS,,, @ POR, @ UTA,,  MIA,,  SAC,,  PHI,,  MIN,, @ CHO,, @ WAS,,  LAL, @ HOU,,  IND,,  NYK,, @ TOR, @ PHI,,, @ CHI, @ MIL,,  PHO,,  MIL,, @ MEM,  NOP,,,  GSW,,, @ NYK, @ DET,,,  SAS,,  ATL, @ PHO,,,  LAL,,  OKC,,  WAS,,, @ BOS,, @ CLE, @ BRK,,  DET,,, @ LAC,,, @ SAC, @ DEN,,  DEN,,, @ MEM,, @ MIN,,  CHI,, @ NOP,,  MEM, @ HOU,, @ MIA, @ ORL,,  MIN,, @ GSW, @ SAC,,  POR,,  LAC,,  UTA,,,,,,,, @ OKC,  HOU,,  CHO,,  TOR, @ ATL,,,  BRK,,  NOP,,, @ POR, @ GSW,, @ LAL,,  CLE,,,  LAC,,,  OKC,,  ORL,,  MEM,, @ PHO,,  SAS,,, @ SAS,, @ IND,,, @ OKC,  HOU,,  GSW,,,,  PHO,, @ DEN,, @ LAL, @ UTA,,  POR,DAL,
DEN,,  DET,,, @ OKC,,  SAC,, @ SAC,,  CLE,, @ POR,,,  POR,, @ IND,, @ NYK, @ CLE,,  OKC,,  NOP,, @ LAL,,  CHI, @ PHO,,  PHO,,, @ UTA,  POR,,, @ WAS,, @ ATL, @ TOR,,  MIA,,, @ HOU,  SAS,,,  HOU,,  LAC,  IND,, @ CHO, @ BRK,,,  MIN,,  TOR,,  LAL,, @ CHI,,  MEM,, @ MIN,,  ORL,, @ SAC,,,,,  DAL,, @ DAL,  MIN,, @ GSW,  SAS,,,  BOS,,  WAS, @ LAC,, @ NOP, @ MEM,,  CHO,,, @ PHI, @ BOS,, @ DET,,,  OKC, @ LAL,,,,,,,,,, @ MIL,, @ OKC,  BRK,,  PHO,,  UTA,,  NOP,,  MIL, @ MIN,, @ SAS,  HOU,,  NYK,,  ATL,,  GSW,, @ NOP, @ MEM,,, @ HOU, @ MIA,, @ ORL,,,  PHI,,  UTA, @ POR,,,, @ UTA,, @ SAS,  LAC,,,,  LAL,,  DAL,,  SAC, @ LAC,, @ GSW,DEN,
DET,, @ DEN, @ MIN,,  BRK,,,,  NYK,,  MIL,,  UTA, @ CHI,, @ WAS,, @ OKC, @ MEM,,  ORL,,  PHO,, @ ATL,,,, @ MIL,  LAC,,  MIL,,  GSW,,  LAL, @ BOS,,,  PHI,  OKC,,  POR,,, @ PHO, @ SAC,, @ LAC,,  DAL,,  TOR,, @ BRK,,,,,  IND,, @ CLE,, @ ORL,,, @ NYK,,  SAC,, @ SAS, @ DAL,,  ATL,  BRK,, @ TOR,,  NOP,, @ IND,  PHI,, @ ATL,,  ORL,,, @ MIL, @ TOR,,  CLE, @ PHI,,,  HOU,,,  MIA, @ IND,,  DEN,,  MIN,, @ CHO,  SAS,,,,,,,,,  CHI,,  WAS,,  CLE,,,  NYK, @ WAS,,,, @ NOP,, @ HOU,,  CHO,, @ LAL, @ GSW,, @ POR, @ UTA,,,  MEM, @ PHI,,,  CHI, @ BOS,,  TOR,,, @ ORL,, @ MIA,,  ATL, @ CHO,, @ CHI,  MIA,,,,  BOS,,  IND,,  CHO, @ CLE,, @ NYK,DET,
GSW,, @ SAC,,,  LAL, @ POR,,,  LAC,,, @ HOU, @ PHO,,  SAS,,  BRK,,  CHO, @ LAL,,,,,  UTA,, @ OKC,, @ MIA, @ ORL,, @ CHO,, @ DET,,  ORL,,  NOP,, @ CHI,, @ MIN,,  HOU,,, @ DAL, @ NOP,, @ MEM,,  OKC,,,,  SAC, @ LAL,, @ LAC,,  MIN,,,  PHI,,,  TOR,,,  OKC,,  IND,,  CLE,,,, @ UTA,  MIA,, @ OKC, @ HOU,,  DEN,,  HOU,,  SAC,,  BOS,,  CHI,,, @ UTA,  PHO,,, @ SAC,  DAL,, @ ATL, @ NYK,, @ PHI,, @ MIN,,,,,,,,,  SAS,, @ IND,, @ WAS,, @ CLE, @ TOR,, @ BOS, @ BRK,,  MIL,,  DAL,,  LAC, @ PHO,,  DET,, @ DEN,  NYK,,  LAL,,  ATL,,  NOP,  UTA,,  WAS, @ POR,,, @ MEM, @ MIL,,, @ LAC,,  PHO,, @ DAL, @ SAS,, @ NOP,,  POR,,  MIN,,  MEM,,  DEN,GSW,
HOU, @ LAL, @ UTA,,,  BOS,, @ PHI, @ MIA,,  SAS,,  GSW,,,, @ MIN,,  PHI,, @ OKC, @ MEM,,  LAL,,,  DAL,,  NYK,,  SAC,,  LAC, @ MIL,,,,  MEM,, @ MIN,  PHO,,,, @ GSW, @ SAC,,  DEN,,,, @ DEN,  NOP,,  ATL,,  POR,,,, @ MEM,, @ SAS,  WAS,,  CHO,, @ NOP,  MIA,, @ CHI,, @ CLE, @ NYK,,  UTA,, @ BRK,, @ ORL,  OKC,,  GSW,,  IND,, @ GSW,, @ PHO,, @ LAL,,,  DAL,, @ BOS, @ DET,,,,  CHI,,  MIL,,  POR,, @ PHO, @ LAC,,,,,,,,, @ DAL,  TOR,,  MIN,,  LAC,,  BRK,,  CLE,, @ ATL,  MEM,,  DET, @ DEN,,,, @ POR, @ UTA,,, @ LAC,,  ORL,,  DEN,,  PHO,, @ IND,, @ NOP,,  MIN,, @ WAS, @ TOR,,  SAC, @ DAL,,, @ OKC,,, @ SAS,,  SAS,,  NOP, @ CHO,,  UTA,HOU,
IND,,  PHI,,  MEM, @ ATL,,,  MIL, @ WAS,, @ BOS,  WAS,,  UTA,, @ MIA,,  DEN, @ CHI,,,,  CHO,,,  PHO,, @ DAL,, @ SAS,,  ORL, @ CLE,,, @ PHO,, @ POR, @ SAC,,,  ATL,,  LAC,, @ TOR,  POR,,  LAL,, @ LAC,,, @ DEN, @ MIN,,  NOP,,, @ DET, @ BRK,,  CHI,,  MIA,, @ MIL,, @ LAL, @ UTA,, @ GSW,,  BOS, @ PHI,,,  MIN,,,  DET, @ CHO,, @ HOU,, @ ATL,, @ MIA,, @ ORL,,  TOR,,  NYK,,  SAC,,,,  DET,,  CLE,, @ CHO,  SAS,, @ NOP,,,,,,,,, @ PHI,,  GSW,, @ OKC,,,  CLE,,  PHI,,,  NYK,,  CHI, @ NYK,,,  ORL,,  MIL,,  BOS,,  TOR,, @ CHI,, @ CLE,  BRK,,  HOU,, @ WAS, @ MIL,,,  DAL,, @ BRK, @ BOS,,  CHO,,  MIA,,, @ NYK,, @ DET,,  OKC,,  WAS, @ MEM,IND,
LAC,,,  OKC, @ LAL,,  SAC,  UTA,, @ GSW,,,  POR,,  SAS,,,,,  PHO,,  CHI,, @ ORL, @ MIA,,, @ MEM, @ CHO,, @ DET,, @ HOU, @ UTA,,  MIN,,  ORL,,,  NOP,,  PHO,, @ IND,, @ WAS, @ MIL,,  DET,,  IND,, @ DEN,  MIL,, @ SAS, @ ATL,,  GSW,,  TOR,,  UTA,,  NYK,,,  PHI,,  ATL,,  LAL,,,  DAL,  MIA,,, @ POR,,  CLE, @ SAC,,  BOS,,,  BRK,,, @ PHO,  DEN,, @ UTA,, @ NOP, @ SAS,, @ BRK,,, @ CLE, @ TOR,, @ OKC, @ DAL,,  HOU,,,,,,,,  SAS,,  SAC,,  MEM,, @ HOU,, @ MEM,, @ CHI, @ MIN,,  POR,,,, @ GSW,  MIN,, @ OKC,, @ DAL,,  HOU,,  CHO, @ SAC,,  WAS,,  NOP,,, @ NYK,, @ PHI,, @ BOS,,  GSW, @ POR,,, @ DEN, @ LAL,,  LAL,,,,  MEM,,  DEN, @ PHO,,LAC,
LAL,  HOU, @ PHO,,  LAC, @ GSW,,,  PHO,,,,,  CHO,, @ MEM, @ NOP,,  SAS,,  GSW,, @ ATL, @ HOU,, @ DAL,,  DEN,,,  MEM,,  MIN,,  TOR,, @ DET, @ WAS,, @ BOS,,  NOP,,  SAC,,, @ SAS,, @ MIN, @ IND,,,,  OKC,, @ SAC,,  GSW,, @ CHI, @ DAL,,  PHO,, @ DEN,,,  MEM,,  IND, @ POR,, @ LAC,,  ORL,,  POR,,  MIA,,  CLE, @ UTA,,, @ PHO,, @ NOP,, @ SAS,,  HOU,,  WAS,,  CHI,,, @ NYK,,, @ MIL,, @ ORL,, @ CLE,,  DEN, @ POR,,,,,,,,,  BRK,,  BOS,,, @ UTA,,  MIL,,  OKC,, @ CHO, @ MIA,, @ MEM,,  DAL,,  DET,,  NYK,,,  ATL, @ GSW,,,  UTA,,,  PHI,, @ OKC, @ MIN,, @ TOR,, @ BRK, @ PHI,,  NOP,,  POR,,  LAC,, @ LAC, @ DEN,,  MIN,,  DAL, @ SAC,,  SAC,LAL,
MEM,,  MIN,, @ IND, @ CHO,,  NOP,, @ PHO,, @ OKC, @ MIL,,,  LAL,,  SAC,,  DET,,  HOU,, @ TOR,,  BOS,,  LAC,,, @ LAL,, @ POR,, @ SAC,,, @ HOU,,  SAS,,  MIA,,  DAL,,,  CHO, @ PHI,,,  GSW, @ SAS,,  CHI,, @ CLE,  UTA,,,,  HOU, @ MIA,,,  SAS,,, @ LAL, @ DEN,,  NYK,, @ ATL,, @ NOP,,  PHO,,, @ BRK,, @ ORL,  POR,,  DAL,,  TOR,,,  PHI,,  ORL, @ DAL,,  DEN,,  OKC,, @ PHO,, @ UTA,, @ MIN,,  ATL,,  BRK, @ OKC,,,,,,,,,,, @ POR, @ LAC,, @ SAC,,  LAC, @ MIN,,,  UTA, @ HOU,,  LAL, @ NOP,, @ CHI,, @ BOS, @ WAS,,  MIL,,  DEN, @ DET,,, @ DAL,  POR,, @ NYK,,  CLE,,  GSW,, @ SAS,  SAC,,,,  OKC,  WAS,,,,  NOP,, @ UTA, @ LAC,, @ GSW,,  IND,MEM,
MIA,,  WAS,,, @ PHI,  TOR,,  HOU, @ CHO,,,  MIN, @ DAL,,,  IND,, @ ATL,,  MIL, @ BRK,,,  LAC,, @ ORL,  CHO,,  GSW,,,,, @ NYK, @ WAS,,  ATL,, @ MIL,, @ MEM,, @ PHO, @ DEN,, @ UTA,,  CHI,, @ BRK,  UTA,,  WAS,,  BOS,,  PHI,,  CLE,,  MEM,,  ORL,, @ IND,,, @ HOU,  BRK,,,, @ POR,,, @ LAC,, @ LAL, @ GSW,, @ SAC,,,,  OKC, @ CHO,,  IND,, @ CHI,,  MIL,,,  DAL,, @ BOS,, @ DET, @ MIN,, @ SAS,,,  NYK,, @ CLE,,,,,,,,, @ NYK,  NOP,,  PHI,, @ ORL,, @ NOP,  ATL,,  PHO,,  LAL,, @ WAS,  SAC,,  BOS,,  BRK,, @ TOR,,,  CLE,,  POR,,  DEN,, @ OKC,, @ MIL, @ BOS,, @ ATL,,  DET,,  SAS,, @ CLE,, @ DET, @ IND,,  CHO,,  CHI,,  TOR,,  ORL,, @ PHI,MIA,
MIL,, @ CHO,,  PHI, @ WAS,,, @ IND,  CHI,, @ DET,  MEM,,,  OKC,,, @ ORL,, @ MIA,,  NYK, @ BRK,, @ TOR,  WAS,,,  DET, @ MIN,, @ DET,  HOU,,, @ CLE,  DAL,,  MIA,, @ DAL,, @ OKC,,,,  LAC,, @ PHO,, @ POR, @ SAC,, @ LAC,,,  CHO,,, @ ATL,  ATL,, @ CHO,, @ CLE,,  IND,, @ NYK,,  PHO, @ PHI,,  MIN, @ CHI,,,,,  NYK,,,,  TOR,,,  UTA,,  DET, @ SAS,, @ MIA,, @ ORL,,  POR,, @ TOR,,  LAL,, @ HOU,  BOS,,  BRK,,  SAC,,,,,,,,,  DEN,,  ATL, @ CHI,,  PHI,, @ LAL, @ UTA,,, @ DEN, @ GSW,,,  WAS,,  NOP,,  ORL, @ IND,, @ MEM,,, @ NOP,  SAS,, @ BRK,,  CLE,,  MIA,,  IND,,  GSW,, @ ATL,,  CHI,, @ BOS,  ORL,,,,  CLE,, @ NYK,,  BRK, @ PHI,,  BOS,MIL,
MIN,, @ MEM,  DET,,  CHI,,,, @ BRK,, @ ORL, @ MIA,,,,  HOU,, @ NOP, @ DAL,,,,  NYK,,  SAS,  SAC,,,,  MIL,, @ LAL,, @ POR, @ LAC,,  PHI,,  HOU, @ SAS,,  GSW,,  POR,,  OKC,,  LAL,, @ WAS,,, @ BOS,,  IND,, @ CLE,,, @ DEN, @ GSW,,, @ UTA,,  SAC,,  UTA,,  DEN,,  PHO,, @ MIL,  SAS,,, @ IND,,, @ PHO, @ DEN,, @ CHO,,  DAL,,  NOP,, @ ATL, @ OKC,,  BOS,, @ PHI,  CLE,, @ DAL,,  MIA,,  MEM,, @ DET,  ATL,,  GSW,,,,,,,,,  PHO,,, @ HOU,,  WAS,, @ CHI,  MEM,,  LAC,,  DEN,,,  POR,, @ LAC,, @ PHO,, @ OKC,, @ SAS,  BRK,, @ TOR, @ NYK,,,  CHO, @ UTA,,  LAL,, @ HOU,, @ NOP,  UTA,,  TOR,,  ORL,,,, @ SAC, @ POR,, @ LAL, @ GSW,,  NOP,,  OKC,MIN,
NOP,  ORL,,,,  DAL,, @ MEM,  CHO,,,, @ SAS,, @ CLE,,  LAL,,  MIN,,, @ POR, @ SAC,,, @ DEN, @ UTA,,,  SAC,,, @ ATL, @ WAS,,,  OKC,, @ GSW,, @ LAC, @ LAL,,  NYK, @ DAL,,  CLE,,  GSW,,  UTA,, @ HOU,,  POR, @ OKC,, @ IND,,,  SAS, @ CHI,,,  PHO, @ SAS,,  HOU,,,  WAS,, @ CHO,,  MEM,,, @ BOS,, @ DET,, @ PHI,, @ TOR, @ NYK,,  LAL,, @ MIN,,  DAL,  PHI,,  DEN,,  LAC,,,  ATL,,  OKC,, @ OKC,  CHI,,  UTA,,  IND,,,,,,,,, @ ORL, @ MIA,,  TOR,,  BRK,,  MIA,, @ DEN, @ DAL,,  DET,,  BOS,  MEM,, @ MIL, @ BRK,,,,,  DEN,,  MIL,, @ PHO, @ GSW,, @ LAC,,,  HOU,,  SAC,,  MIN,,, @ LAL,, @ SAC, @ POR,,,  GSW, @ MEM,,  PHO,, @ HOU, @ MIN,,  SAS,NOP,
NYK,,  CHI, @ CLE,,,  CHO,,  WAS, @ DET,, @ BRK, @ ATL,,  ATL,,  ORL,,  UTA,,  DEN,, @ MIL, @ MIN,,,  PHI,, @ HOU,, @ DAL,, @ OKC,,  MIA,,  BRK,,  CLE, @ CHO,,  POR,, @ NOP, @ SAS,, @ BOS,,  TOR,,  DAL,, @ CHI,,  PHO, @ TOR,,,,  WAS,, @ SAC, @ POR,,, @ LAC,,  DET,,  MIL, @ MEM,, @ WAS,  HOU,,  CHO,,,,, @ MIL,,,,  NOP,, @ PHI,,  ORL, @ CHO,,  SAC,,  OKC, @ IND,,,  LAL,,  BOS,,, @ BRK,  GSW,, @ MIA,, @ ORL,,,,,,,,,  MIA,,  CLE,,, @ BOS,, @ DET,  TOR,,,, @ IND,,,  IND,, @ DEN, @ UTA,, @ LAL,, @ GSW, @ PHO,,  SAS,,  MIN, @ PHI,, @ TOR,  MEM,,  LAC,,  BOS, @ CHI,,,,  BRK,, @ WAS,,  PHI,,,  IND,,  MIL, @ ORL,, @ ATL,,  DET,NYK,
OKC,, @ POR, @ LAC,,  DEN,, @ BRK, @ TOR,,,  MEM,,  SAC,, @ MIL, @ BOS,,  DET,,  HOU,, @ UTA, @ DEN,,  BRK,,  GSW,,,  UTA,,  NYK,,,, @ NOP,,, @ PHI,, @ DET,,  MIL,,  CLE, @ MIN,,  PHO,, @ SAC,, @ GSW, @ LAL,,  NOP,,  POR,, @ SAS,  CHO,, @ DAL,,,  PHO,,  WAS,,, @ GSW,, @ SAC,,  UTA,,,,,, @ HOU,  GSW,, @ ORL,, @ MIA, @ WAS,, @ ATL,, @ CLE,  MIN,, @ NYK,,, @ MEM,,  ORL,, @ NOP,,  NOP,,  LAC, @ DEN,,  MEM,,,,,,,,  DAL,, @ CHO,  DEN,,  IND,, @ PHO, @ POR,, @ LAL,,,  PHI, @ CHI,,,  TOR,,,  LAC,,  MIN,,  CHI, @ DAL,,  BOS,,  ATL,,  MIA,,  LAL, @ SAS,,, @ UTA, @ PHO,,,  DAL,, @ MEM,,  HOU,,  SAS,,,  SAC,, @ IND,  POR,, @ MIN,OKC,
ORL, @ NOP,,  WAS,,  TOR,,, @ CHI, @ PHI,,  MIN,, @ BRK,, @ TOR, @ NYK,,  MIL, @ WAS,, @ DET,,  LAC,, @ CHO,  MIA,, @ CLE,,  GSW,, @ IND,, @ PHO,, @ GSW, @ LAC,, @ UTA, @ SAC,,,,  WAS,, @ ATL,  ATL,, @ TOR,, @ BOS,,  UTA,,  PHI,,  BOS,,,  CLE, @ CHO,, @ MIA,  DET,,,  BRK,  CHO,,,, @ DEN,, @ LAL, @ POR,, @ CHI,,  HOU,,  MEM,,  OKC,,, @ DET,, @ NYK,,  IND, @ MEM,,,  MIL,,  DAL,, @ OKC,, @ SAS,,  LAL,,  CHI, @ WAS,,  NYK,,,,,,,,,  NOP,,  PHI,,,  MIA,, @ ATL,,  CHO,,,  PHO,,  SAC,,  BOS,, @ IND, @ MIL,, @ BOS,,  CLE,, @ HOU, @ DAL,,  POR,,  DEN,,,  ATL,,  DET,,,,,  SAS,, @ MIN, @ MIL,,,,  CHI,,  TOR,  NYK,, @ MIA,, @ BRK,ORL,
PHI,, @ IND,, @ MIL,  MIA,,  HOU,,  ORL,,  CHI,, @ TOR,,,, @ DAL, @ HOU,,, @ SAS,,  BOS,,  PHO, @ NYK,,  POR,,  BRK,,,  DAL,,  SAS,, @ MIN,,  OKC, @ DET,,,, @ ATL,, @ BRK,  MEM,,  BOS,,,,  CHO,, @ ORL,, @ MIA,,, @ POR, @ UTA,,, @ GSW,,, @ PHO, @ LAC,,  CLE,,  MIL,, @ BRK,  IND,,,  ATL, @ TOR,,  NOP, @ DET,, @ WAS,,  NYK,,  TOR, @ MEM,, @ NOP,,  DET,,  MIN, @ ATL,, @ CLE,  DEN,,, @ BOS,  CHO,,  GSW,,,,,,,,,,,  IND,, @ ORL, @ MIA,, @ MIL,,  WAS,, @ IND,  TOR,, @ OKC,,  UTA,  ATL,,,,  CHI,,  SAC,  BRK,, @ BOS,,  DET,,  NYK,, @ LAL,, @ SAC, @ DEN,,  LAC,, @ CLE,  LAL,, @ WAS,,, @ CHO, @ NYK,,,  WAS,,, @ CHI,,  MIL,,  MIA,PHI,
PHO,,  LAL,,  SAS, @ UTA,,, @ LAL,  MEM,,  SAC,,  GSW,,,  BRK,,  CHO, @ LAC,, @ BOS,, @ DET,, @ PHI, @ IND,, @ TOR,,  DEN,, @ DEN,,  ORL,,  IND,,, @ DAL, @ HOU,, @ LAC,  MIA,,,  DET,, @ OKC,  MIL,, @ CHO,,, @ NYK, @ WAS,,  DAL,,, @ SAC,, @ LAL,, @ NOP, @ OKC,,  PHI,,  TOR,, @ MIL, @ MIN,, @ SAS,, @ MEM,,  CLE,,,  MIN,,,  LAL,,  POR,,  HOU,,  LAC,,,  WAS,,  CHI, @ GSW,,  MEM,,, @ POR,  UTA,, @ SAC,,  HOU,,,,,,,,,, @ MIN, @ CHI,,  BOS,, @ DEN,  OKC,,  SAS,, @ MIA,, @ ORL,, @ BRK, @ CLE,,  GSW,,  MIN,,  ATL,,  NYK,,,,  NOP,, @ HOU,  DAL,,,  SAC,,  POR,,  OKC, @ POR,,, @ GSW,,  UTA,,, @ ATL, @ DAL,, @ NOP,, @ SAS,,  LAC,,PHO,
POR,,  OKC,, @ SAC,,  GSW,,  CLE,,  DAL,, @ LAC,  DEN,,  CHO, @ DEN,,,  BRK,,  NOP,,,,  CHI,, @ BOS, @ PHI,, @ CHO,,  MEM,,  MIN,, @ DEN,,  IND,,, @ NYK,, @ DET, @ MIN,, @ CHI, @ IND,,  SAS,,  MIL,, @ SAS, @ NOP,, @ HOU, @ OKC,,,  PHI,,  NYK,,  TOR,,,,  ATL,,  LAL,,,  MIA,,  ORL, @ LAL,,,  LAC,, @ SAS, @ MEM,,  SAC,, @ PHO,  BOS,,  WAS,, @ BRK,, @ CLE,, @ ATL, @ MIL,,,  UTA,,  PHO,, @ DAL, @ HOU,,,  LAL,,,,,,,,, @ UTA,,  MEM,,,  SAS,,  OKC,, @ SAC,,, @ LAC,  DAL,, @ MIN,,,,  HOU,,  DET,, @ TOR, @ WAS,, @ MIA,, @ ORL, @ MEM,,,  GSW, @ UTA,, @ PHO,  DEN,,  PHO,,  LAC,, @ LAL,  NOP,,,,  MIN, @ GSW,,  UTA,, @ OKC,, @ DAL,POR,
SAC,,  GSW,,  POR,, @ LAC, @ DEN,,  DEN,, @ PHO,, @ OKC,, @ DAL,, @ MEM,,  SAS,,,  NOP,,  CHI,, @ MIN,,, @ NOP, @ HOU,, @ SAS,,  MEM,,  TOR,,,  IND,  ORL,,  UTA, @ LAL,,  HOU,,  DET,,,  OKC,,  MIL,,,  LAL, @ GSW,,,,  PHO,  NYK,, @ BRK,, @ BOS, @ MIN,,, @ DET,,,  OKC,,  DEN,,  CLE,,  DAL,,,  MIA,  LAC,, @ POR,,  BRK,, @ GSW,,, @ NYK,, @ TOR,, @ CLE, @ IND,,,  GSW,,  DAL,, @ UTA,  PHO,, @ CHI, @ MIL,,,,,,,,,  BOS, @ LAC,,,,  MEM,,  SAS,,  POR,,, @ SAS,, @ ORL, @ MIA,, @ ATL,, @ CHO,, @ PHI, @ WAS,,  ATL,,  LAC,,  CHO,,  WAS,,  PHI, @ PHO,, @ NOP,,, @ MEM,, @ HOU,,  NOP,,  UTA,,  MIN, @ UTA,, @ OKC,, @ DEN,  LAL,, @ LAL,SAC,
SAS,  DAL,,, @ PHO,,,,,  ATL, @ HOU,,  NOP,, @ LAC, @ GSW,,, @ LAL, @ SAC,,  PHI,, @ CLE,, @ MIN,  BRK,,,,  IND,,  SAC,, @ BOS, @ PHI,, @ BRK,, @ MEM,  MIN,,, @ UTA,  NYK,,  LAL,, @ DEN, @ POR,,  MEM,,  POR, @ DAL,,  LAC,,,  OKC, @ NOP,,  HOU,, @ MEM,  NOP,,,  WAS,,,  DET,,,  PHO, @ MIN,,, @ WAS, @ CHO,,  POR,,  UTA,, @ DEN,, @ CHI,  LAL,,  MIL,,,  CHO,,,  LAC,,,,  ORL,,  MIA,, @ TOR, @ IND,, @ DET,,,,,,,, @ LAC, @ GSW,,, @ UTA,, @ POR,, @ SAC, @ PHO,,,,  SAC,,  DEN,,  CHI,,  TOR,,  CLE,,,  MIN,, @ NYK, @ MIL,,  BOS,, @ ATL,, @ DAL,  OKC,,  DAL,,  MEM,, @ MIA, @ ORL,,  DEN,,  GSW,, @ OKC,  HOU,, @ HOU,,  PHO,,, @ NOP,SAS,
TOR,,  ATL,,, @ ORL, @ MIA,,  OKC, @ BOS,,  WAS,,  PHI,,  ORL,,  CHI,,  UTA,,,,  MEM,,  MIL, @ CLE,,  PHO,, @ ATL,,  DAL,, @ LAL,, @ SAC, @ UTA,,  CLE,,,  DEN, @ CLE,,,  IND,, @ NYK,  ORL,,  BRK,, @ DET,,  NYK, @ CHI,,,,, @ LAC, @ DEN,, @ POR,,, @ GSW,, @ PHO,,,,  CHO,,  BOS,,  DET,,  PHI,,  ATL,,  NOP, @ MIL,, @ MEM,, @ PHI,,  DET,, @ IND,  SAC,, @ BRK, @ WAS,,  MIL,,  BRK,,  LAC,,  SAS,,,  WAS,,,,,,,,, @ ATL, @ HOU,, @ NOP, @ DAL,,,  GSW, @ NYK,, @ PHI,,  CLE,, @ CHO,, @ OKC,, @ SAS,,,  MIA,,  POR, @ IND,,  MIN,, @ CHI,,  NYK,, @ DET,  CHI,,  LAL,,,  HOU,, @ MIN,, @ BRK,  BOS,,,, @ CHO,, @ ORL, @ MIA,,, @ BOS,  CHO,TOR,
UTA,,  HOU, @ DAL,,  PHO,, @ LAC,,  CLE,,  DAL,, @ DET, @ IND,, @ ATL,, @ NYK, @ TOR,,,  OKC,,, @ GSW,  NOP,,  CHI,, @ OKC,,,  LAC,,  DEN,,  TOR,,  ORL,,, @ SAC,  SAS,,,  MIA,, @ WAS,, @ NOP, @ MIA,, @ ORL, @ CHO,, @ MEM,,,,,  PHI,, @ LAC,  MIN,,,  ATL, @ MIN,,  IND,, @ CHI,, @ OKC, @ HOU,,,  GSW,,,  LAL,, @ SAS,,, @ CLE, @ MIL,,  BRK,,  BOS,,  LAC,,  GSW,,,, @ POR,  MEM,, @ PHO,  SAC,, @ NOP,, @ DAL,,,,,,,,,  POR,,,  SAS,,  LAL,, @ DEN,  MIL,,, @ MEM, @ BOS,, @ PHI,, @ BRK,,  NYK,,  HOU,,  DET,,  CHO,,  WAS, @ LAL,, @ GSW,,  MIN,,  POR,, @ DEN,  OKC,, @ MIN,,  DEN,,, @ PHO, @ SAC,,,  SAC,,  MEM, @ POR,,  DAL,, @ HOU,UTA,
WAS,, @ MIA, @ ORL,,  MIL,,, @ NYK,  IND,, @ TOR, @ IND,,,,  DET,,,  ORL,,,,  DAL,,  CLE, @ MIL,,,  ATL, @ CLE,,,  NOP,,  MIA,,  LAL,,  DEN,, @ BOS,  BOS,, @ ORL,,  LAC,,  UTA,,  MIN,,, @ MIA,,  PHO,,  CHI,, @ NYK,,  BOS,, @ HOU, @ DAL,,, @ OKC, @ SAS,, @ NOP,,  NYK,,  CHI,, @ ATL,,  SAS, @ CHI,,  BRK, @ BRK,,  PHI,,  OKC,,, @ POR, @ DEN,, @ LAL, @ PHO,,,  TOR,,  CHO,, @ ATL, @ CHO,,  BRK,,  ORL,, @ TOR,,,,,,,,,  CLE,, @ DET,,  GSW, @ MIN,, @ PHI,  DET,,, @ CHI,,,  MIA, @ MIL,, @ CHO,,,  MEM,,  SAC,,  POR,, @ UTA,, @ LAC,, @ SAC, @ GSW,,  IND,,  CHO,,  HOU,,,  PHI,,  NYK, @ MEM,,,, @ PHI,, @ BRK,,  ATL,, @ IND, @ CLE,WAS,
Date,2014-10-28,2014-10-29,2014-10-30,2014-10-31,2014-11-1,2014-11-2,2014-11-3,2014-11-4,2014-11-5,2014-11-6,2014-11-7,2014-11-8,2014-11-9,2014-11-10,2014-11-11,2014-11-12,2014-11-13,2014-11-14,2014-11-15,2014-11-16,2014-11-17,2014-11-18,2014-11-19,2014-11-20,2014-11-21,2014-11-22,2014-11-23,2014-11-24,2014-11-25,2014-11-26,2014-11-27,2014-11-28,2014-11-29,2014-11-30,2014-12-1,2014-12-2,2014-12-3,2014-12-4,2014-12-5,2014-12-6,2014-12-7,2014-12-8,2014-12-9,2014-12-10,2014-12-11,2014-12-12,2014-12-13,2014-12-14,2014-12-15,2014-12-16,2014-12-17,2014-12-18,2014-12-19,2014-12-20,2014-12-21,2014-12-22,2014-12-23,2014-12-24,2014-12-25,2014-12-26,2014-12-27,2014-12-28,2014-12-29,2014-12-30,2014-12-31,2015-1-1,2015-1-2,2015-1-3,2015-1-4,2015-1-5,2015-1-6,2015-1-7,2015-1-8,2015-1-9,2015-1-10,2015-1-11,2015-1-12,2015-1-13,2015-1-14,2015-1-15,2015-1-16,2015-1-17,2015-1-18,2015-1-19,2015-1-20,2015-1-21,2015-1-22,2015-1-23,2015-1-24,2015-1-25,2015-1-26,2015-1-27,2015-1-28,2015-1-29,2015-1-30,2015-1-31,2015-2-1,2015-2-2,2015-2-3,2015-2-4,2015-2-5,2015-2-6,2015-2-7,2015-2-8,2015-2-9,2015-2-10,2015-2-11,2015-2-12,2015-2-13,2015-2-14,2015-2-15,2015-2-16,2015-2-17,2015-2-18,2015-2-19,2015-2-20,2015-2-21,2015-2-22,2015-2-23,2015-2-24,2015-2-25,2015-2-26,2015-2-27,2015-2-28,2015-3-1,2015-3-2,2015-3-3,2015-3-4,2015-3-5,2015-3-6,2015-3-7,2015-3-8,2015-3-9,2015-3-10,2015-3-11,2015-3-12,2015-3-13,2015-3-14,2015-3-15,2015-3-16,2015-3-17,2015-3-18,2015-3-19,2015-3-20,2015-3-21,2015-3-22,2015-3-23,2015-3-24,2015-3-25,2015-3-26,2015-3-27,2015-3-28,2015-3-29,2015-3-30,2015-3-31,2015-4-1,2015-4-2,2015-4-3,2015-4-4,2015-4-5,2015-4-6,2015-4-7,2015-4-8,2015-4-9,2015-4-10,2015-4-11,2015-4-12,2015-4-13,2015-4-14,2015-4-15,Date,
